gene1,gene2,avgdeg,avgbet,avgclose,avgcore,avgcons,avgecc,avgeigen_cen,avghub_score,avgneighbor1,avgneighbor2,avgneighbor3,avgneighbor4,avgneighbor5,avgneighbor6,avgtriangle,avgcommon_neighbor,comm.detect,shortest_path,cohesion,adhesion
25,695,49.5,271918.5,0,15,0,15,0,0,50.5,1811.5,8863,14439.5,17225.5,18633.5,157.5,49.5,1,3,9,9
27,3815,23,57067,0,13.5,0,15,0,0,24,811,7365,12184,16181.5,18269.5,45.5,23,1,3,15,15
238,3717,23.5,66345.5,0,13,0,15,0,0,24.5,903,7512.5,13853,16933.5,18520,53,23.5,1,3,6,6
545,8841,70.5,278828,0,20.5,0,14,0,0,71.5,2362,9433.5,14679,17478,18939.5,241.5,70.5,1,4,3,3
6790,3091,102,1031124,0,20.5,0,14.5,0,0,103,3034.5,10362,15382,17754,19207.5,332,102,1,3,3,3
6790,596,63,381257,0,19,0,15,0,0,64,2241.5,9886,15081.5,17519.5,18787.5,102,63,1,2,142,144
6790,8493,41,197716.5,0,14.5,0,15,0,0,42,1713.5,8917.5,14884,17445,18796.5,66.5,41,1,2,22,22
9212,596,60.5,348773,0,19,0,15,0,0,61.5,2132.5,9652.5,14801.5,17428,18738.5,83.5,60.5,1,2,36,36
596,5292,34.5,193271,0,16,0,15,0,0,35.5,1776.5,9345.5,14721.5,17370.5,18606.5,46.5,34.5,1,2,25,27
332,596,37.5,204359,0,15.5,0,15,0,0,38.5,1399.5,8596,14443,17161,18550,52,37.5,1,2,116,117
695,2322,10,7447.5,0,8,0,15.5,0,0,11,527.5,5586,12425.5,16322.5,18089.5,6.5,10,1,3,9,9
695,25,49.5,271918.5,0,15,0,15,0,0,50.5,1811.5,8863,14439.5,17225.5,18633.5,157.5,49.5,1,3,9,9
983,10038,49.5,261350.5,0,14.5,0,14.5,0,0,50.5,1789.5,7937,13570,17010,18650.5,140,49.5,1,3,5,5
983,596,71,435152.5,0,19.5,0,14.5,0,0,72,2557,10206,15206.5,17598.5,18888.5,178.5,71,1,3,5,5
1786,2475,59,263777,0,19.5,0,15,0,0,60,2219,9532.5,14859.5,17514,18989,198.5,59,1,3,16,17
1969,2322,16,30966,0,12,0,15.5,0,0,17,1312,6238.5,12525.5,16368,18119.5,19,16,1,2,20,20
2194,10038,13,17586,0,11,0,15,0,0,14,1043,6990.5,12943.5,16790,18480.5,10,13,1,2,14,14
2260,2322,26,125328,0,11.5,0,15.5,0,0,27,756.5,6244,12672.5,16554,18309,26.5,26,1,3,8,8
51512,55835,19.5,23527.5,0,10.5,0,15.5,0,0,20.5,533,5174,11221,15425.5,18000,32,19.5,1,3,4,4
8841,545,70.5,278828,0,20.5,0,14,0,0,71.5,2362,9433.5,14679,17478,18939.5,241.5,70.5,1,3,8,8
10013,5292,55.5,793228.5,0,17,0,14.5,0,0,56.5,2307.5,9739.5,14983.5,17595.5,18888.5,112,55.5,1,3,25,27
10013,3065,198.5,2592363,0,20.5,0,14,0,0,199.5,3562,10812,15717.5,17995,19492,1145.5,198.5,1,3,3,3
3091,142,134.5,1128994,0,21,0,14,0,0,135.5,3550,10762.5,15592,17890,19435.5,574.5,134.5,1,2,15,15
3717,695,25,58662.5,0,14,0,15,0,0,26,963.5,7897.5,13865.5,16950.5,18545,56,25,1,4,3,3
3717,7297,22.5,54315,0,13.5,0,15,0,0,23.5,803.5,7324.5,12974,16566.5,18430,53,22.5,1,4,3,3
3718,2322,8.5,14580.5,0,7,0,15.5,0,0,9.5,228,4021.5,11053,15679.5,17742,5.5,8.5,1,4,3,3
3815,5979,26,117950.5,0,15,0,15,0,0,27,870.5,7558,12970,16580,18480.5,54,26,1,3,17,17
4193,208,131.5,1401779.5,0,17,0,14.5,0,0,132.5,2772.5,9640,14903.5,17623.5,19074.5,642.5,131.5,1,3,18,18
4233,2322,16,32573,0,11,0,16,0,0,17,1109.5,6180.5,12625.5,16344,18056,29,16,1,3,1,1
2475,1786,59,263777,0,19.5,0,15,0,0,60,2219,9532.5,14859.5,17514,18989,198.5,59,1,2,8,8
2475,7334,61,761042,0,18.5,0,15,0,0,62,2010,9614.5,14981,17442.5,18741,88.5,61,1,3,10,10
4683,10013,68.5,808069.5,0,20,0,14,0,0,69.5,2513,9925,15220,17684.5,18979.5,201.5,68.5,1,3,21,21
10062,10038,10.5,14148.5,0,8.5,0,15,0,0,11.5,468,5085,11648.5,16339,18326,4,10.5,1,2,57,57
142,1019,90,364243,0,20,0,14.5,0,0,91,2632,9983,15179,17645.5,19127.5,352,90,1,2,64,66
10038,2194,13,17586,0,11,0,15,0,0,14,1043,6990.5,12943.5,16790,18480.5,10,13,1,3,9,9
10038,142,74,305325,0,14.5,0,14.5,0,0,75,1989.5,8017.5,13655,17067,18777.5,306,74,1,3,9,9
10038,10062,10.5,14148.5,0,8.5,0,15,0,0,11.5,468,5085,11648.5,16339,18326,4,10.5,1,3,9,9
10038,983,49.5,261350.5,0,14.5,0,14.5,0,0,50.5,1789.5,7937,13570,17010,18650.5,140,49.5,1,4,3,3
51588,5888,51.5,233838,0,19.5,0,15,0,0,52.5,1550.5,8819.5,14165.5,17218,18666.5,95.5,51.5,1,3,87,88
51588,4221,35,69480.5,0,19.5,0,15,0,0,36,1603,8590.5,13870.5,17231.5,18868,72,35,1,2,41,41
5292,1021,18.5,15636,0,13.5,0,15,0,0,19.5,1220,8165,13492,16990.5,18456.5,32,18.5,1,4,1,1
5335,7297,24.5,29595,0,12.5,0,15,0,0,25.5,891.5,7388,12317.5,16365.5,18357,46.5,24.5,1,4,3,3
5335,3717,38,78437,0,17,0,15,0,0,39,1222,8426.5,13375.5,16813,18560,95.5,38,1,3,3,3
5347,596,86.5,1027584,0,19,0,15,0,0,87.5,2597.5,10104.5,15141.5,17620.5,18964.5,153.5,86.5,1,2,25,27
5591,596,75,404336.5,0,19.5,0,14.5,0,0,76,3072,10224,15192.5,17545.5,18861,207.5,75,1,2,10,10
5894,142,107,1588892,0,20.5,0,14.5,0,0,108,3197,11529.5,15783,17803,19170,437.5,107,1,4,2,2
5979,3815,26,117950.5,0,15,0,15,0,0,27,870.5,7558,12970,16580,18480.5,54,26,1,3,18,18
6714,2322,68.5,481810.5,0,13,0,15.5,0,0,69.5,2219,7239,13162,16674,18299,262.5,68.5,1,3,20,20
7297,3717,22.5,54315,0,13.5,0,15,0,0,23.5,803.5,7324.5,12974,16566.5,18430,53,22.5,1,2,22,22
7297,2322,7.5,3100,0,7.5,0,15.5,0,0,8.5,367.5,5013,11534,15938.5,17974.5,3.5,7.5,1,3,20,20
25,6795,44,265073.5,0,11.5,0,15.5,0,0,45,1583.5,7790,14108,17038,18509.5,153.5,44,0,2,19,19
25,1263,45.5,266212,0,13,0,15,0,0,46.5,1779,8876,14709.5,17360.5,18629.5,154,45.5,0,3,19,19
25,4683,63.5,286320,0,20,0,14.5,0,0,64.5,2343.5,9720.5,15018.5,17502,18773,249,63.5,0,4,1,1
27,22983,10,5285.5,0,7,0,15.5,0,0,11,618.5,6679,11988,16096.5,18225.5,16,10,0,3,15,15
207,2322,95,805246,0,13.5,0,15,0,0,96,2069,7412.5,13428.5,16875,18607.5,331,95,0,3,19,19
238,84444,12,17107.5,0,9.5,0,15,0,0,13,552.5,6333,12810.5,16559.5,18299.5,9,12,0,4,6,6
238,1263,8.5,16144.5,0,7,0,15,0,0,9.5,700,7060,13956.5,17005,18428,3.5,8.5,0,3,6,6
238,5292,13.5,21411.5,0,11,0,15,0,0,14.5,1059,7719,14029,17057.5,18480.5,9,13.5,0,4,6,6
238,5163,21,38394.5,0,11.5,0,15,0,0,22,738.5,6679,12821,16508,18323.5,49.5,21,0,4,4,5
238,54106,6.5,14768,0,5,0,15.5,0,0,7.5,370,4401,11802.5,16074,17923.5,2,6.5,0,3,6,6
238,2872,7.5,15410,0,6,0,15,0,0,8.5,483.5,5666,12622,16444,18292,2.5,7.5,0,3,3,3
9546,9696,3.5,1330.5,0,3.5,0.5,17,0,0,4.5,128.5,2343.5,6613.5,12113,15196,0,3.5,0,4,3,3
8853,5163,17.5,23681,0,9.5,0,15.5,0,0,18.5,537,5005.5,11194,15525.5,17877.5,49,17.5,0,3,4,5
85300,10272,1.5,7.5,0.5,1.5,0.5,8.5,0,0,2.5,105.5,2464,5715,7923,9045,0,1.5,0,2,74,79
85300,26038,9,328,0,8.5,0,15.5,0,0,10,363,4981.5,11486.5,15968.5,18132,53.5,9,0,2,14,14
6790,84444,43,196971,0,15.5,0,15,0,0,44,1404.5,7930.5,13525.5,16913,18554,69.5,43,0,3,6,6
6790,3716,48.5,216224,0,16.5,0,15,0,0,49.5,1641.5,8857,14414,17204.5,18698.5,77.5,48.5,0,3,8,8
6790,3717,54.5,246209,0,19,0,15,0,0,55.5,1755,9110,14568,17287,18774.5,113.5,54.5,0,2,142,144
6790,7297,41,197367,0,14.5,0,15,0,0,42,1424.5,8071.5,13510,16839.5,18571.5,64.5,41,0,2,27,27
6790,3815,51,246455.5,0,18,0,15,0,0,52,1545,8423.5,13586,16830.5,18551,92.5,51,0,3,18,18
9212,3385,35,162146.5,0,11,0,15.5,0,0,36,1121,5869,11936,15116,17865.5,44.5,35,0,2,36,36
9212,2322,37,162510,0,13,0,15.5,0,0,38,1210,6565,12848,16567.5,18270,45.5,37,0,3,20,20
9212,3383,38,165742.5,0,13.5,0,15,0,0,39,1272,7649.5,12994,16576,18423,44.5,38,0,2,8,8
9212,1263,37,163524,0,13,0,15,0,0,38,1443,8424,14391.5,17267,18633.5,45.5,37,0,2,36,36
9212,7297,38.5,164883,0,14.5,0,15,0,0,39.5,1315.5,7838,13230,16748,18522.5,46,38.5,0,2,27,27
6795,9212,35.5,162385.5,0,11.5,0,15.5,0,0,36.5,1247.5,7338,13790,16944.5,18513.5,45,35.5,0,3,26,26
6795,3385,2.5,239,0,2.5,0,16,0,0,3.5,210.5,3817,11182,14683.5,17561,1.5,2.5,0,2,56,56
6795,1956,187,3422815.5,0,12,0,15.5,0,0,188,2839,8437.5,14464.5,17307,18822,799.5,187,0,2,56,56
6795,2322,4.5,602.5,0,4.5,0,16,0,0,5.5,299.5,4513,12094,16135,17965.5,2.5,4.5,0,3,20,20
6795,3717,19.5,51817.5,0,10.5,0,15.5,0,0,20.5,735.5,6824.5,13534,16763,18421,52,19.5,0,2,56,56
6795,2260,24.5,125203.5,0,10,0,15.5,0,0,25.5,794,7017,13614.5,16931,18552.5,26,24.5,0,3,11,11
6795,84444,8,2579.5,0,7,0,15.5,0,0,9,385,5645,12491.5,16389,18200.5,8,8,0,3,6,6
6795,7297,6,2975.5,0,6,0,15.5,0,0,7,405,5786,12476,16315.5,18218,3,6,0,2,27,27
581,142,79.5,315486.5,0,17,0,14.5,0,0,80.5,2296.5,9658.5,15024,17533,18931,317.5,79.5,0,2,6,6
581,3717,28.5,74564.5,0,15.5,0,15,0,0,29.5,1160,8511,14278,17124,18561.5,63.5,28.5,0,2,6,6
581,6790,47,217616.5,0,16.5,0,15,0,0,48,1781,9258,14814,17397,18703,75,47,0,3,6,6
596,22983,28,186670,0,10.5,0,15.5,0,0,29,1218,7766.5,13367.5,16705,18378.5,40,28,0,2,23,24
596,2261,31.5,208581.5,0,12.5,0,15.5,0,0,32.5,1338.5,8277,14218,17053,18447,41.5,31.5,0,2,17,17
332,11343,11.5,17732.5,0,7,0.5,15.5,0,0,12.5,378,4246.5,11093.5,15109,17626,12.5,11.5,0,3,11,11
332,2322,14,18096,0,9.5,0,15.5,0,0,15,477,5508.5,12489.5,16300.5,18081.5,14,14,0,2,20,20
660,4683,24,24363.5,0,13,0,14.5,0,0,25,1148.5,7507,14151,17087.5,18586,97,24,0,4,1,1
660,1813,9.5,15814,0,6.5,0,15.5,0,0,10.5,313.5,5094.5,12093,15924.5,18084,1,9.5,0,3,10,10
673,2322,23,33699.5,0,13,0,15.5,0,0,24,1088,6564,12947.5,16507.5,18199.5,71,23,0,3,20,20
55643,9696,5,11761,0,4.5,0.5,16.5,0,0,6,425.5,3836.5,8253,12810.5,15533,8.5,5,0,3,3,3
701,596,47,239594,0,16.5,0,15,0,0,48,1611,8809.5,14093,17182.5,18612,98.5,47,0,2,18,18
23466,1024,39.5,75871,0,21,0,15,0,0,40.5,683.5,6530.5,12538,16701,18445.5,305.5,39.5,0,4,1,1
57332,9133,19,25594,0,12,0,15,0,0,20,1102,7204,12324.5,16481.5,18259,69,19,0,3,7,7
30835,2048,7,11361.5,0,5,0,16,0,0,8,251.5,4337,11104,15529.5,17765.5,1.5,7,0,4,3,3
30835,23673,13.5,13763,0,9,0,15.5,0,0,14.5,747.5,4917,11233,15541,17859,32.5,13.5,0,3,7,7
30835,713,3.5,1620,0,3,0.5,16,0,0,4.5,149.5,2342.5,9656.5,14780,17410,0.5,3.5,0,4,5,5
30835,1441,6,2418.5,0,5,0,16,0,0,7,263.5,3578,10693,15125,17621.5,1,6,0,4,7,7
30835,9341,13.5,8200.5,0,9,0,16,0,0,14.5,824.5,4834,11209,15491,17815.5,31.5,13.5,0,3,7,7
30835,25932,3.5,1620,0,3,0.5,16.5,0,0,4.5,138.5,1894,7818.5,13146.5,16289,0.5,3.5,0,3,7,7
30835,3399,6,1975,0,5.5,0,15.5,0,0,7,225,3582.5,10936.5,15597,17857.5,1.5,6,0,4,7,7
30835,712,4.5,1838,0,4,0,16,0,0,5.5,282.5,4141,10877.5,15375,17728,0.5,4.5,0,3,7,7
1019,84444,27.5,74083,0,15,0,15,0,0,28.5,1145,7656,13390.5,16862.5,18537.5,54,27.5,0,3,6,6
1019,3932,41,135449,0,17.5,0,15,0,0,42,1591,8974,14538.5,17298,18768,67.5,41,0,3,17,17
1021,2064,56.5,206701,0,16,0,15,0,0,57.5,1772.5,8553,13528,17006,18636,202.5,56.5,0,4,3,3
1021,84444,17,11332,0,12,0,15,0,0,18,713.5,6779,12273.5,16492.5,18275.5,32,17,0,4,3,3
1022,5979,27,93339.5,0,15.5,0,15,0,0,28,1313,8492.5,14312.5,17246,18782,73,27,0,2,17,17
1022,3065,166.5,1832993,0,19,0,14.5,0,0,167.5,2777,9890,15302.5,17747,19275,1089.5,166.5,0,2,3,3
1022,3932,35.5,90920.5,0,16.5,0,15,0,0,36.5,1462,8749.5,14498,17285,18721,69.5,35.5,0,2,20,20
1022,3066,102,290325.5,0,19,0,14.5,0,0,103,2395,9558.5,15115,17573.5,19033.5,634.5,102,0,2,3,3
1022,2322,18.5,27577.5,0,11.5,0,15.5,0,0,19.5,930.5,6299.5,12952.5,16595.5,18255.5,50.5,18.5,0,2,20,20
79019,675,29,73313,0,12.5,0,15.5,0,0,30,819.5,5044.5,11290,14907.5,17643,60,29,0,2,5,5
79019,5983,11,9415,0,8.5,0,15.5,0,0,12,527.5,4169,9974,14433,17381.5,33.5,11,0,4,5,5
10523,9133,10.5,23393.5,0,8,0,15,0,0,11.5,885,6232,11604.5,15839.5,17971.5,10.5,10.5,0,3,28,28
10523,113130,12.5,6687.5,0,9.5,0,15,0,0,13.5,536.5,5882.5,11693,16002,18084.5,22,12.5,0,2,57,58
8192,90326,25.5,166877,0,8.5,0,16,0,0,26.5,380.5,4295,11551,15592,17775.5,42,25.5,0,3,3,3
8192,29101,27,166975.5,0,10,0,15.5,0,0,28,440,5334,12351.5,16062.5,17961,43,27,0,4,3,3
8192,142678,27.5,169771.5,0,10.5,0,16,0,0,28.5,427,5328,12585.5,16353.5,18202.5,42,27.5,0,4,3,3
1264,4677,1.5,21.5,0,1.5,0.5,16.5,0,0,2.5,58.5,2345.5,9341,14826,17376,0,1.5,0,4,1,1
200186,6714,67.5,481467.5,0,12,0,15.5,0,0,68.5,2238,7769.5,13138.5,16523.5,18272,263,67.5,0,2,19,19
1613,9636,35,110680,0,12,0,15,0,0,36,1484.5,7459,13241,16689,18346,38,35,0,5,1,1
1613,84967,4,11692.5,0,3.5,0,15.5,0,0,5,212.5,3406.5,10368,15384.5,17613,1,4,0,3,1,1
1613,5195,11,32553,0,6.5,0,15.5,0,0,12,344.5,5472,11521,15723,17884.5,6.5,11,0,5,1,1
1613,142678,5.5,14550.5,0,5,0,15.5,0,0,6.5,272.5,4724,11482,15952,18118.5,1,5.5,0,4,1,1
1613,90326,3.5,11656,0,3,0,15.5,0,0,4.5,226,3691,10447.5,15190.5,17691.5,1,3.5,0,4,1,1
1613,1855,10,32677,0,6.5,0,15,0,0,11,468.5,5866,11870,16118.5,18290,6.5,10,0,4,1,1
84444,55920,9,7148,0,8,0,14.5,0,0,10,597,6335,11941,16284.5,18290,7.5,9,0,3,16,16
84444,1870,9,2467.5,0,8,0,15,0,0,10,353,5194,11498,16084.5,18087.5,9.5,9,0,2,36,36
84444,10038,11.5,15165,0,9.5,0,15,0,0,12.5,502.5,5690.5,11866.5,16284,18187.5,8,11.5,0,2,95,96
84444,1969,19.5,32943,0,14.5,0,15,0,0,20.5,1397.5,7370.5,12923,16622,18354.5,24.5,19.5,0,3,13,13
84444,3932,26.5,66047,0,13.5,0,15,0,0,27.5,879,7322,13095,16701.5,18422.5,27.5,26.5,0,2,20,20
84444,2322,9.5,2704,0,8.5,0,15.5,0,0,10.5,347.5,4872,11549.5,16012,17957,8.5,9.5,0,2,20,20
84444,3815,21,54165.5,0,13.5,0,15,0,0,22,573.5,6497,12007.5,16183.5,18189,37,21,0,3,18,18
84444,2475,38,178838,0,14.5,0,15,0,0,39,1231,7726.5,13251.5,16843.5,18519,56.5,38,0,2,27,27
84444,3065,157.5,1808119.5,0,16,0,14.5,0,0,158.5,2194,8462.5,13899.5,17163.5,18976.5,1047.5,157.5,0,3,3,3
91039,142678,4,2941,0,4,0,16,0,0,5,139,3546,10581,14717.5,17651,0.5,4,0,2,20,20
1813,10038,11.5,25760.5,0,7.5,0,15.5,0,0,12.5,379.5,4849.5,11263.5,15708,17957.5,1.5,11.5,0,3,19,19
1813,660,9.5,15814,0,6.5,0,15.5,0,0,10.5,313.5,5094.5,12093,15924.5,18084,1,9.5,0,3,17,17
1813,10013,54,799520,0,13.5,0,15,0,0,55,1678,7512.5,13162,16521.5,18477.5,105.5,54,0,3,19,19
56931,142678,3.5,2894.5,0,3.5,0.5,16,0,0,4.5,96.5,2221,7062.5,12923,16558.5,0.5,3.5,0,4,7,7
56931,1104,7.5,15184.5,0,6,0.5,15,0,0,8.5,1010.5,4378.5,8219,13498,16839,12,7.5,0,3,7,7
1956,6256,210.5,3749329.5,0,20,0,15,0,0,211.5,3325.5,9787.5,14763.5,17735,19331,877.5,210.5,0,2,11,11
1956,5292,193.5,3429221,0,17.5,0,15,0,0,194.5,3393.5,10182.5,15138.5,17682,18994.5,805.5,193.5,0,2,25,27
1956,4683,206.5,3444062,0,20.5,0,14.5,0,0,207.5,3599,10368,15375,17771,19085.5,895,206.5,0,3,1,1
54583,10025,27,25710,0,20.5,0,15,0,0,28,986,7535,13713,17107,18587.5,244.5,27,0,3,4,4
8666,9696,12,34488.5,0,7.5,0.5,16,0,0,13,805.5,4158.5,7379.5,12614,15604.5,59,12,0,4,3,3
1969,51185,31,91090,0,18,0,15,0,0,32,2005,9127,14516,17263,18627.5,47.5,31,0,2,49,52
1969,22983,14.5,30646,0,10.5,0,15.5,0,0,15.5,1345.5,7177.5,12787.5,16454.5,18307.5,18,14.5,0,2,23,24
2064,5292,54,204354,0,16.5,0,15,0,0,55,1998.5,9164,14420,17277.5,18733.5,184.5,54,0,2,25,27
2064,4683,67,219195,0,19.5,0,14.5,0,0,68,2204,9349.5,14656.5,17366.5,18824.5,274,67,0,4,1,1
2064,1021,56.5,206701,0,16,0,15,0,0,57.5,1772.5,8553,13528,17006,18636,202.5,56.5,0,3,2,2
2064,84444,52.5,200050,0,15,0,15,0,0,53.5,1492,7778,13201.5,16779.5,18552.5,184.5,52.5,0,3,6,6
2200,57534,19,82452,0,8,0.5,16.5,0,0,20,959,4655,9915,14432,17371,34,19,0,3,6,6
2261,596,31.5,208581.5,0,12.5,0,15.5,0,0,32.5,1338.5,8277,14218,17053,18447,41.5,31.5,0,2,10,10
2322,10988,3.5,363.5,0,3.5,0.5,16,0,0,4.5,152.5,2878,10271.5,15334.5,17554.5,1.5,3.5,0,2,57,57
2322,80351,9,5372,0,7,0,16,0,0,10,293,4725,11337.5,15782.5,17823,2.5,9,0,3,5,5
2322,3066,89.5,263475,0,13.5,0,15,0,0,90.5,1726.5,6999,13314.5,16736,18500,587,89.5,0,3,3,3
2322,3091,68.5,836857,0,13.5,0,15,0,0,69.5,1977.5,7303.5,13406,16853,18610.5,271,68.5,0,3,3,3
2322,3764,3.5,363.5,0,3.5,0.5,16,0,0,4.5,290.5,3404,10739.5,15373,17615.5,1.5,3.5,0,3,39,39
2322,1022,18.5,27577.5,0,11.5,0,15.5,0,0,19.5,930.5,6299.5,12952.5,16595.5,18255.5,50.5,18.5,0,3,17,17
23360,11177,7.5,37704,0,6.5,0,15.5,0,0,8.5,425.5,4182.5,10539.5,15293,17808.5,6,7.5,0,2,45,45
10272,80176,4.5,3806,0.5,4.5,0.5,8,0,0,5.5,192.5,2732.5,5823.5,8176,9091.5,0.5,4.5,0,2,17,17
10272,864,5,7844,0.5,5,0.5,8,0,0,6,376.5,3788,7136.5,8592.5,9323.5,2.5,5,0,3,17,17
10272,4677,1,0,0.5,1,1,9,0,0,2,13,516.5,4069,7229.5,8548,0,1,0,4,1,1
10272,9341,11,6580.5,0.5,7,0.5,8.5,0,0,12,691.5,3100.5,5796,7798,8966.5,31,11,0,3,39,39
2534,1022,49.5,287869.5,0,17.5,0,15,0,0,50.5,1562.5,9129,14937,17476,18897.5,116.5,49.5,0,3,17,17
8322,1193,2.5,12152.5,0,2,0,16,0,0,3.5,48,981.5,5609.5,12033.5,16075.5,0.5,2.5,0,3,3,3
51343,9696,49.5,347007,0,10.5,0.5,16.5,0,0,50.5,1181,5259.5,8783.5,13100.5,15751,190.5,49.5,0,3,3,3
2767,79707,6,12317,0,5.5,0,15.5,0,0,7,408.5,4554.5,10715,15346,17839.5,8,6,0,3,7,7
2767,23095,10,21316,0,6,0,15.5,0,0,11,363,4733.5,10767.5,15274,17956.5,13,10,0,2,11,11
2769,9636,33.5,99038,0,11,0,15.5,0,0,34.5,1322,5834,11799,15661.5,17816,37.5,33.5,0,3,4,4
2769,80176,5,3820,0,5,0,15.5,0,0,6,207.5,3675,10224.5,15132,17577.5,0.5,5,0,3,13,13
2879,11315,23.5,113940,0,10.5,0,15.5,0,0,24.5,967,5949.5,12662,16486.5,18224.5,39,23.5,0,2,33,33
55142,6093,11.5,26746.5,0,7,0,15.5,0,0,12.5,918.5,5852.5,11479,15674,17962.5,20.5,11.5,0,3,4,4
3065,7297,155.5,1808515.5,0,15,0,14.5,0,0,156.5,2214,8603.5,13884,17090,18994,1042.5,155.5,0,3,27,27
3065,2322,154,1806142.5,0,13.5,0,15,0,0,155,2108.5,7330.5,13502,16909.5,18741.5,1042,154,0,2,20,20
3065,84444,157.5,1808119.5,0,16,0,14.5,0,0,158.5,2194,8462.5,13899.5,17163.5,18976.5,1047.5,157.5,0,2,6,6
3065,1022,166.5,1832993,0,19,0,14.5,0,0,167.5,2777,9890,15302.5,17747,19275,1089.5,166.5,0,3,17,17
3066,1022,102,290325.5,0,19,0,14.5,0,0,103,2395,9558.5,15115,17573.5,19033.5,634.5,102,0,4,11,11
3066,2322,89.5,263475,0,13.5,0,15,0,0,90.5,1726.5,6999,13314.5,16736,18500,587,89.5,0,3,11,11
3066,7297,91,265848,0,15,0,14.5,0,0,92,1832,8272,13696.5,16916.5,18752.5,587.5,91,0,3,11,11
3066,84444,93,265452,0,16,0,14.5,0,0,94,1812,8131,13712,16990,18735,592.5,93,0,4,6,6
8841,7297,55,221175.5,0,15,0,14.5,0,0,56,1612,8032,13247,16820.5,18675,186,55,0,2,27,27
8841,1813,57,231375,0,14,0,15,0,0,58,1469,7050,12659.5,16318,18427.5,184.5,57,0,2,10,10
8841,2322,53.5,218802.5,0,13.5,0,15,0,0,54.5,1506.5,6759,12865,16640,18422.5,185.5,53.5,0,2,20,20
8841,84444,57,220779.5,0,16,0,14.5,0,0,58,1592,7891,13262.5,16894,18657.5,191,57,0,3,6,6
10013,7297,52,789320.5,0,14.5,0,14.5,0,0,53,1821,8494.5,13749.5,17024,18725,107,52,0,2,27,27
10013,1263,50.5,787961.5,0,13,0,14.5,0,0,51.5,1948.5,9080.5,14911,17543,18836,106.5,50.5,0,2,31,31
10013,1813,54,799520,0,13.5,0,15,0,0,55,1678,7512.5,13162,16521.5,18477.5,105.5,54,0,3,10,10
10013,3717,65.5,838162.5,0,19,0,14.5,0,0,66.5,2151.5,9533,14807.5,17471.5,18928,156,65.5,0,2,31,31
55869,3717,18.5,51578.5,0,9.5,0.5,15.5,0,0,19.5,573.5,4568.5,10447,15098.5,17824.5,51,18.5,0,3,32,35
55869,6256,25.5,326753,0,10,0.5,15.5,0,0,26.5,661.5,4380,10248,15275.5,18121.5,79,25.5,0,3,11,11
8924,140775,34,139882.5,0,10.5,0,15.5,0,0,35,970.5,5995,12320.5,15852.5,18141.5,70,34,0,3,3,3
3074,3065,151.5,1805779,0,11,0.5,15,0,0,152.5,2008,6025,12314,16449.5,18510.5,1040.5,151.5,0,4,3,3
3091,4134,69,837431.5,0,14,0,14.5,0,0,70,2419.5,9329.5,14762.5,17538,19095.5,270.5,69,0,2,35,35
3091,2322,68.5,836857,0,13.5,0,15,0,0,69.5,1977.5,7303.5,13406,16853,18610.5,271,68.5,0,2,20,20
3383,80176,8,7402,0,7.5,0,15,0,0,9,384.5,5686,11544.5,16062.5,18104.5,1,8,0,2,17,17
3383,5351,7,4349,0,6.5,0,15.5,0,0,8,557.5,5772,11425.5,15705.5,17946,1.5,7,0,3,12,12
3383,23569,6.5,3641.5,0,6,0,15,0,0,7.5,647.5,6713.5,12880.5,16500,18295.5,3,6.5,0,3,20,20
3383,1969,17,34198.5,0,12.5,0,15,0,0,18,1374,7323,12671.5,16376.5,18272.5,18,17,0,3,13,13
3480,1263,22.5,69263,0,12.5,0,15,0,0,23.5,1737,8565,14383.5,17277.5,18602,40.5,22.5,0,2,27,27
3609,55920,44,193333,0,13,0,14,0,0,45,1756.5,8192,13027,16875.5,18760.5,211.5,44,0,3,16,16
3716,6790,48.5,216224,0,16.5,0,15,0,0,49.5,1641.5,8857,14414,17204.5,18698.5,77.5,48.5,0,2,3,3
3717,142,87,344079,0,19.5,0,14.5,0,0,88,2270.5,9510.5,14778,17423,19002.5,356,87,0,3,3,3
3717,10013,65.5,838162.5,0,19,0,14.5,0,0,66.5,2151.5,9533,14807.5,17471.5,18928,156,65.5,0,4,3,3
3717,1263,21,52956,0,12,0,15,0,0,22,931,7910.5,14135.5,17085.5,18541,52.5,21,0,3,3,3
3717,55869,18.5,51578.5,0,9.5,0.5,15.5,0,0,19.5,573.5,4568.5,10447,15098.5,17824.5,51,18.5,0,3,3,3
3717,6093,23.5,72859,0,12,0,15,0,0,24.5,880.5,6765,12682.5,16350.5,18307,53,23.5,0,3,3,3
3718,713,6,14217,0,4.5,0.5,15.5,0,0,7,112.5,2759.5,9719.5,14886.5,17441,4,6,0,4,3,3
3718,10988,6,14217,0,4.5,0.5,15.5,0,0,7,118.5,3159.5,10172.5,15256,17574.5,4,6,0,3,3,3
25959,9341,13,9241.5,0,9,0,15.5,0,0,14,1290,6398.5,11691.5,15747.5,18054.5,32,13,0,2,14,14
25959,5297,5,4350,0,5,0,15.5,0,0,6,948,5943,11648.5,15954.5,18103,1.5,5,0,3,6,6
3764,51185,18.5,60487.5,0,9.5,0.5,15.5,0,0,19.5,983.5,6292.5,12730,16268,18123.5,30,18.5,0,3,8,8
23030,9696,8,814,0,7,0.5,16.5,0,0,9,353.5,3615.5,7663.5,12788,15584.5,20,8,0,3,3,3
9817,26155,35,131476,0,15.5,0,15,0,0,36,1548.5,8781.5,14760.5,17320,18556.5,56,35,0,2,10,10
3815,84444,21,54165.5,0,13.5,0,15,0,0,22,573.5,6497,12007.5,16183.5,18189,37,21,0,3,6,6
3815,54106,15.5,51826,0,9,0,15.5,0,0,16.5,391,4565,10999.5,15698,17813,30,15.5,0,3,129,135
3815,4134,18,52763,0,11.5,0,15,0,0,19,930,7391,12966.5,16614.5,18439,31,18,0,2,131,135
3815,6795,16,52064,0,9.5,0,15.5,0,0,17,525.5,6138,12552,16306.5,18197.5,31,16,0,2,56,56
3815,6319,17,52282.5,0,10.5,0,15.5,0,0,18,1146.5,7175,12155.5,16159.5,18176.5,31,17,0,2,36,38
65095,79019,10,941.5,0,9,0,16,0,0,11,280.5,2992.5,9367.5,13957.5,17092.5,26,10,0,3,7,7
65095,332,16.5,17876,0,12,0,15.5,0,0,17.5,600,6036.5,12397,16187,18031.5,26,16.5,0,2,17,17
65095,5127,9,14069.5,0,8.5,0,15.5,0,0,10,718.5,5860,11681,16100.5,17978.5,15.5,9,0,3,5,5
65095,5888,41.5,205999,0,15.5,0,15.5,0,0,42.5,1180,7145,13003,16482,18155,85.5,41.5,0,3,17,17
65095,1870,8,270.5,0,8,0,15.5,0,0,9,390.5,4590,11008,15717,17802.5,16,8,0,3,17,17
3932,1021,30.5,72698,0,14.5,0,15,0,0,31.5,1159.5,8097,13421.5,16928,18506,45.5,30.5,0,4,2,2
3932,142,89,356207,0,18.5,0,14.5,0,0,90,2366,9649,14883.5,17484.5,19012.5,325.5,89,0,4,15,15
3932,1019,41,135449,0,17.5,0,15,0,0,42,1591,8974,14538.5,17298,18768,67.5,41,0,3,18,18
3932,84444,26.5,66047,0,13.5,0,15,0,0,27.5,879,7322,13095,16701.5,18422.5,27.5,26.5,0,3,6,6
3932,1022,35.5,90920.5,0,16.5,0,15,0,0,36.5,1462,8749.5,14498,17285,18721,69.5,35.5,0,4,17,17
3932,22983,21.5,63750,0,9.5,0,15.5,0,0,22.5,827,7129,12959.5,16534,18375.5,21,21.5,0,3,18,18
3984,596,32.5,200082.5,0,13,0,15,0,0,33.5,1220.5,7774,13296.5,16681.5,18408.5,42.5,32.5,0,3,24,24
3984,238,11.5,28223,0,8,0,15,0,0,12.5,503,6147.5,12604,16368.5,18282.5,5,11.5,0,3,19,19
84823,1870,7.5,2538,0,7,0,15,0,0,8.5,898,6087,11614,16132.5,18127.5,6,7.5,0,3,11,11
51690,1870,11,1319,0,8.5,0,15.5,0,0,12,265.5,4449,11009,15770,17890.5,34.5,11,0,3,15,15
4067,596,59,316456.5,0,18,0,15,0,0,60,2281,9555,14574,17270,18613.5,91,59,0,3,8,8
10988,2322,3.5,363.5,0,3.5,0.5,16,0,0,4.5,152.5,2878,10271.5,15334.5,17554.5,1.5,3.5,0,3,20,20
10988,3718,6,14217,0,4.5,0.5,15.5,0,0,7,118.5,3159.5,10172.5,15256,17574.5,4,6,0,3,23,24
4134,3815,18,52763,0,11.5,0,15,0,0,19,930,7391,12966.5,16614.5,18439,31,18,0,3,18,18
4134,2064,49.5,198647.5,0,13,0,15,0,0,50.5,1848.5,8672,14160.5,17210.5,18802.5,178.5,49.5,0,2,33,33
4134,2322,6.5,1301.5,0,6.5,0,15.5,0,0,7.5,704,5766,12508.5,16443,18207,2.5,6.5,0,2,20,20
22983,1969,14.5,30646,0,10.5,0,15.5,0,0,15.5,1345.5,7177.5,12787.5,16454.5,18307.5,18,14.5,0,3,9,9
22983,6714,67,481490.5,0,11.5,0,15.5,0,0,68,2252.5,8178,13424,16760.5,18487,261.5,67,0,2,9,9
22983,1870,4,170.5,0,4,0,15.5,0,0,5,301,5001,11362.5,15917,18040.5,3,4,0,3,9,9
22983,596,28,186670,0,10.5,0,15.5,0,0,29,1218,7766.5,13367.5,16705,18378.5,40,28,0,2,9,9
22983,25,44,264878,0,11.5,0,15.5,0,0,45,1579.5,7956,13428,16747.5,18454,153,44,0,2,9,9
22983,2475,33,176541,0,10.5,0,15.5,0,0,34,1179,7533.5,13116,16676,18472,50,33,0,3,9,9
22983,3932,21.5,63750,0,9.5,0,15.5,0,0,22.5,827,7129,12959.5,16534,18375.5,21,21.5,0,3,9,9
4145,4094,5.5,2294,0,5.5,0,15,0,0,6.5,297,4353,11605.5,15918.5,17937.5,2.5,5.5,0,3,21,21
4145,1269,2.5,31.5,0,2.5,0.5,16,0,0,3.5,178.5,4181.5,11064.5,15524,17673.5,0.5,2.5,0,2,30,30
4145,92840,4.5,919.5,0,4,0,16.5,0,0,5.5,95,2305.5,8593.5,13513.5,16792.5,1,4.5,0,3,7,7
4174,55835,36.5,102201.5,0,17,0,14.5,0,0,37.5,1981,8293.5,13267,16857.5,18612,110.5,36.5,0,3,4,4
4193,2872,126.5,1395678,0,14.5,0,14.5,0,0,127.5,2427.5,8025.5,13707,17024.5,18784.5,640.5,126.5,0,3,3,3
4212,1107,41.5,122433,0,12,0,15.5,0,0,42.5,1248,5666.5,12506.5,16381.5,18287,212.5,41.5,0,3,19,19
4212,9611,38.5,117380,0,12,0,15.5,0,0,39.5,1131,5632,12389.5,16379.5,18287,134,38.5,0,2,20,20
4233,8493,17.5,35295.5,0,12.5,0,15.5,0,0,18.5,1504,8299.5,14381.5,17130,18533.5,31.5,17.5,0,3,1,1
4233,2872,15,32852.5,0,10,0,15.5,0,0,16,1126,6645.5,12834.5,16482.5,18283.5,28,15,0,3,1,1
4233,5292,21,38854,0,15,0,15.5,0,0,22,1701.5,8698.5,14241.5,17096,18472,34.5,21,0,2,1,1
4233,84444,19.5,34550,0,13.5,0,15.5,0,0,20.5,1195,7312.5,13023,16598,18291,34.5,19.5,0,4,1,1
4233,8737,36.5,97985,0,17,0,15.5,0,0,37.5,2113,9001.5,14302,17033,18487.5,118,36.5,0,3,1,1
4233,1786,40.5,119489,0,18.5,0,15.5,0,0,41.5,2183,9118.5,14631,17268.5,18761,176.5,40.5,0,3,1,1
4233,22983,14.5,32253,0,9.5,0,16,0,0,15.5,1143,7119.5,12887.5,16430.5,18244,28,14.5,0,3,1,1
11343,332,11.5,17732.5,0,7,0.5,15.5,0,0,12.5,378,4246.5,11093.5,15109,17626,12.5,11.5,0,2,11,11
11343,5347,60.5,840957.5,0,10.5,0.5,15.5,0,0,61.5,1576,5755,11792,15568.5,18040.5,114,60.5,0,4,10,10
11343,6790,37,194630.5,0,10.5,0.5,15.5,0,0,38,1220,5536.5,11732,15467.5,17863.5,62.5,37,0,3,11,11
2872,10038,7,13467.5,0,6,0,15,0,0,8,433.5,5023.5,11678,16168.5,18180,1.5,7,0,3,3,3
8777,54793,10.5,33248,0,7,0,16,0,0,11.5,794.5,6257.5,11591.5,15750.5,18065.5,10.5,10.5,0,3,15,15
84954,1855,8,21021,0,5,0.5,15.5,0,0,9,312,3829.5,10092,14570,17747.5,6,8,0,4,7,7
84954,11079,2.5,161,0,2.5,0.5,16,0,0,3.5,467.5,3046,9748,14212.5,17333.5,0,2.5,0,3,7,7
4534,66036,7.5,2893,0,5,0,16,0,0,8.5,104.5,2970.5,10062.5,14969.5,17401.5,0.5,7.5,0,2,8,8
2475,84444,38,178838,0,14.5,0,15,0,0,39,1231,7726.5,13251.5,16843.5,18519,56.5,38,0,4,6,6
2475,140739,34,176568.5,0,11,0,15.5,0,0,35,1064,5931.5,12077,16127.5,18225.5,51,34,0,4,10,10
2475,54106,32.5,176498.5,0,10,0,15.5,0,0,33.5,1048.5,5794.5,12243.5,16358,18143,49.5,32.5,0,3,10,10
2475,2322,34.5,176861,0,12,0,15.5,0,0,35.5,1145.5,6594.5,12854,16589.5,18284,51,34.5,0,3,10,10
2475,5798,38,185692.5,0,13,0,15,0,0,39,1167.5,7508,13786.5,16947,18433,51.5,38,0,5,2,2
112939,1870,7,14543.5,0,5.5,0,15,0,0,8,314.5,4698,12138.5,16282.5,18003.5,5,7,0,3,26,27
4683,1956,206.5,3444062,0,20.5,0,14.5,0,0,207.5,3599,10368,15375,17771,19085.5,895,206.5,0,2,21,21
4683,660,24,24363.5,0,13,0,14.5,0,0,25,1148.5,7507,14151,17087.5,18586,97,24,0,2,17,17
56926,9696,4,1727.5,0,3,0.5,17,0,0,5,682,3285,6984.5,12232,15273.5,3,4,0,4,3,3
4782,8863,8,13238.5,0,4.5,0.5,16,0,0,9,119,2106,7454,13046.5,16818,8,8,0,3,3,3
4782,10277,13.5,21793.5,0,8.5,0,15,0,0,14.5,706,6162.5,12554,15875.5,18155.5,14,13.5,0,2,31,31
55505,7314,11,48386.5,0,9.5,0,15.5,0,0,12,467.5,5682,12253.5,15588.5,17913.5,9.5,11,0,3,2,2
10811,55651,3.5,504.5,0.5,3,0.5,8.5,0,0,4.5,60.5,1929.5,5304,7692,8895.5,3.5,3.5,0,4,11,11
8856,2322,10.5,2170,0,9.5,0,15.5,0,0,11.5,596,5643,12762,16503,18162.5,13.5,10.5,0,3,4,4
4902,142678,4,8810,0,4,0,16.5,0,0,5,96.5,2169,6152,12030.5,16037.5,0.5,4,0,3,26,27
10762,55835,26.5,29072.5,0,13.5,0,15,0,0,27.5,810.5,7096,12158,16353.5,18312.5,49,26.5,0,3,4,4
23636,11130,24,58977,0,12,0,15.5,0,0,25,617,6176,12079,16057,18082.5,41.5,24,0,4,7,7
8481,388324,31,96596,0,11,0,16,0,0,32,1002,6042.5,11804,16085,18025,100.5,31,0,3,9,9
5058,6795,18,75869.5,0,8.5,0,15.5,0,0,19,961.5,7168.5,13906,16966,18503,21.5,18,0,2,52,52
5058,6790,53,270261,0,17,0,15,0,0,54,1981,9454,14940,17490,18856.5,83,53,0,2,52,52
142,6795,70.5,292739.5,0,12,0,15,0,0,71.5,1872,7972,14280,17172,18790.5,306,70.5,0,2,56,56
142,3984,75,305956.5,0,14.5,0,14.5,0,0,76,1870.5,8145.5,13529,16858,18765,308,75,0,3,1,1
142,2322,72,292864,0,13.5,0,15,0,0,73,1834.5,7199,13338,16795,18547,306.5,72,0,2,20,20
142,7297,73.5,295237,0,15,0,14.5,0,0,74.5,1940,8472,13720,16975.5,18799.5,307,73.5,0,3,27,27
142,581,79.5,315486.5,0,17,0,14.5,0,0,80.5,2296.5,9658.5,15024,17533,18931,317.5,79.5,0,3,6,6
10038,54106,6,12825.5,0,5,0,15.5,0,0,7,320,3758.5,10858.5,15798.5,17811.5,1,6,0,3,9,9
10038,1813,11.5,25760.5,0,7.5,0,15.5,0,0,12.5,379.5,4849.5,11263.5,15708,17957.5,1.5,11.5,0,3,9,9
10038,84444,11.5,15165,0,9.5,0,15,0,0,12.5,502.5,5690.5,11866.5,16284,18187.5,8,11.5,0,3,6,6
10038,7297,9.5,15561,0,8.5,0,15,0,0,10.5,522.5,5831.5,11851,16210.5,18205,3,9.5,0,3,9,9
10038,2872,7,13467.5,0,6,0,15,0,0,8,433.5,5023.5,11678,16168.5,18180,1.5,7,0,4,3,3
10038,1814,7.5,24935.5,0,6,0,15.5,0,0,8.5,331.5,4270,11015.5,15686.5,17849.5,1.5,7.5,0,3,9,9
10038,2322,8,13188,0,7,0,15.5,0,0,9,417,4558.5,11469,16030,17952.5,2.5,8,0,3,9,9
84333,55325,10.5,1733.5,0,8,0,15.5,0,0,11.5,214,3524.5,10024,14341,17395,45.5,10.5,0,4,6,6
5163,1786,43,110907,0,18,0,15,0,0,44,1607,8156,13565.5,16885,18686,196.5,43,0,3,8,8
283871,2322,4,460,0,4,0,16,0,0,5,187.5,3155,10561,15470,17679.5,1.5,4,0,4,9,9
283871,6790,37.5,194727,0,11,0,15.5,0,0,38.5,1244.5,6213.5,12537,16371,18276.5,62.5,37.5,0,3,9,9
5298,25959,6,13503.5,0,5.5,0,15.5,0,0,7,1267.5,6846,11874.5,15916.5,18098,3,6,0,3,1,1
51588,261734,18.5,28351.5,0,12,0,15.5,0,0,19.5,687,5873.5,11907,16096.5,18074,25.5,18.5,0,3,19,19
51588,9696,16,27982.5,0,10,0.5,16.5,0,0,17,627.5,4117.5,7734.5,12801.5,15613,23.5,16,0,3,3,3
5292,4233,21,38854,0,15,0,15.5,0,0,22,1701.5,8698.5,14241.5,17096,18472,34.5,21,0,3,1,1
5300,8668,38,136564,0,17,0,15,0,0,39,1928.5,9130,13898,17131.5,18659,103.5,38,0,3,5,5
5330,2314,8.5,22630.5,0,6,0,15.5,0,0,9.5,1056.5,5437.5,11288.5,14873.5,17661,6.5,8.5,0,4,4,5
5335,331,60,252655,0,18,0,15,0,0,61,1941.5,9506,14046,17102.5,18646.5,131.5,60,0,4,3,3
5335,6256,45,353611.5,0,17.5,0,15,0,0,46,1310,8238,13176.5,16990,18857,123.5,45,0,4,3,3
10226,5351,4.5,801.5,0,4.5,0,16,0,0,5.5,385,4087.5,10132.5,14861,17424.5,1,4.5,0,4,8,8
10226,9341,12,6629,0,8,0,16,0,0,13,711,4369.5,10224,14840,17458,31,12,0,3,8,8
10226,712,3,266.5,0,3,0,16,0,0,4,169,3676.5,9892.5,14724,17370.5,0,3,0,3,8,8
10226,1263,4.5,1426,0,4.5,0,15.5,0,0,5.5,384.5,4999,11548.5,15621.5,17717,1.5,4.5,0,3,8,8
5347,2322,63,841321,0,13,0,15.5,0,0,64,1675,7017,13188,16760,18496,115.5,63,0,3,20,20
5347,11343,60.5,840957.5,0,10.5,0.5,15.5,0,0,61.5,1576,5755,11792,15568.5,18040.5,114,60.5,0,3,11,11
1263,9212,37,163524,0,13,0,15,0,0,38,1443,8424,14391.5,17267,18633.5,45.5,37,0,3,2,2
5465,222484,17.5,48263.5,0,10,0,15,0,0,18.5,865.5,7241,13169.5,16739,18420,7.5,17.5,0,4,6,6
7001,3421,10,9369.5,0,6.5,0,15.5,0,0,11,418.5,4758.5,10959.5,14788,17625.5,10,10,0,3,24,24
5591,3717,66.5,269288.5,0,19.5,0,14.5,0,0,67.5,2585.5,9448,14679,17313,18848,219,66.5,0,2,10,10
5725,55920,15.5,9430.5,0,11.5,0,14.5,0,0,16.5,862.5,7292,12191,16364,18359,34,15.5,0,3,12,12
9978,29880,55.5,621037.5,0,11.5,0,15.5,0,0,56.5,1705,7729,13238.5,16230,18236,222,55.5,0,3,34,34
5979,1022,27,93339.5,0,15.5,0,15,0,0,28,1313,8492.5,14312.5,17246,18782,73,27,0,3,17,17
6093,3717,23.5,72859,0,12,0,15,0,0,24.5,880.5,6765,12682.5,16350.5,18307,53,23.5,0,3,17,17
6093,142,74.5,313781,0,13.5,0,14.5,0,0,75.5,2017,7912.5,13428.5,16759.5,18676.5,307,74.5,0,3,15,15
6093,2322,8.5,21644,0,6,0,15.5,0,0,9.5,444.5,4453.5,11242.5,15722.5,17851.5,3.5,8.5,0,4,17,17
6256,2322,28,327116.5,0,12.5,0,15.5,0,0,29,786,5863,12393,16563,18474.5,80.5,28,0,3,8,8
6256,1956,210.5,3749329.5,0,20,0,15,0,0,211.5,3325.5,9787.5,14763.5,17735,19331,877.5,210.5,0,3,8,8
9667,60672,6.5,3201.5,0,6.5,0,15,0,0,7.5,651,5913,12202.5,16413,18312,4.5,6.5,0,3,32,35
9667,142678,7,3980,0,7,0,15.5,0,0,8,631,5796.5,12183,16423.5,18364.5,4.5,7,0,2,26,27
9667,81669,5.5,1160.5,0,5.5,0,15.5,0,0,6.5,587,4947,11508,15978,18018.5,4,5.5,0,3,22,22
9667,5195,12.5,21982.5,0,8.5,0,15.5,0,0,13.5,703,6544.5,12222,16194.5,18130.5,10,12.5,0,4,3,3
9667,9696,4.5,1085.5,0,4.5,0.5,16.5,0,0,5.5,540,3686,7633.5,12756,15553.5,4,4.5,0,3,3,3
9667,1855,11.5,22106.5,0,8.5,0,15,0,0,12.5,827,6938.5,12571,16590,18536,10,11.5,0,2,10,10
90378,23028,56.5,1238678.5,0,11,0.5,15.5,0,0,57.5,1350,5374,10331.5,14872.5,17931,145,56.5,0,3,11,11
6319,2322,5.5,821,0,5.5,0,16,0,0,6.5,920.5,5550,11697.5,15988,17944.5,2.5,5.5,0,3,20,20
6319,3815,17,52282.5,0,10.5,0,15.5,0,0,18,1146.5,7175,12155.5,16159.5,18176.5,31,17,0,3,18,18
10291,222484,26.5,44229.5,0,14,0,15,0,0,27.5,892.5,7238,12251,16414,18318,68,26.5,0,3,7,7
10291,1024,42.5,81207.5,0,23,0,14.5,0,0,43.5,995.5,7514,12868,16896,18661.5,325,42.5,0,4,1,1
8175,1870,26.5,18257,0,12,0,14.5,0,0,27.5,626,5962,12161,16459,18263,137,26.5,0,3,30,31
6449,60672,15,296808.5,0,8.5,0,15,0,0,16,882,6664,13118,16517.5,18310,15.5,15,0,3,17,17
6469,1956,186,3422576.5,0,11,0.5,15.5,0,0,187,2677,5991.5,10842.5,14761.5,17609,798.5,186,0,2,15,15
6608,6795,2.5,421,0,2.5,0,15.5,0,0,3.5,240,4121,11828.5,16015,18013.5,1,2.5,0,2,11,11
6608,2322,4,545.5,0,4,0,15.5,0,0,5,202.5,3348,10886.5,15638,17770,1.5,4,0,3,11,11
6714,84444,72,483787.5,0,15.5,0,15,0,0,73,2304.5,8371,13559.5,16928,18534,268,72,0,4,6,6
6714,54106,66.5,481448,0,11,0,15.5,0,0,67.5,2122,6439,12551.5,16442.5,18158,261,66.5,0,3,36,38
55620,9636,35.5,99351,0,13,0,15.5,0,0,36.5,1564.5,8003.5,13375.5,16747.5,18442,39,35.5,0,3,4,4
55620,8668,13.5,8619.5,0,10,0,15.5,0,0,14.5,1160,7331.5,12290,16382,18341,62.5,13.5,0,2,16,16
55620,1855,10.5,21348,0,7.5,0,15.5,0,0,11.5,548.5,6410.5,12004.5,16177,18386,7.5,10.5,0,3,10,10
6794,60672,13,35534,0,9.5,0,15,0,0,14,770,6565,12983.5,16536.5,18338,11.5,13,0,2,32,35
6794,90326,11.5,33418,0,8,0,15.5,0,0,12.5,703.5,5415.5,11929.5,15785.5,17963.5,11.5,11.5,0,2,11,11
6788,596,42,213706,0,17,0,15,0,0,43,1539,8993.5,14644.5,17222,18626.5,70.5,42,0,2,38,38
3735,142,83,309170.5,0,18.5,0,14.5,0,0,84,2618.5,9281,14463.5,17323.5,18937.5,337,83,0,3,3,3
202018,2674,4,35508.5,0,3.5,0,16,0,0,5,703,3777.5,9931,14838.5,17524.5,3.5,4,0,3,5,5
202018,10747,3,17,0.5,3,0.5,8.5,0,0,4,690.5,3264.5,5869,7903.5,8996,3.5,3,0,4,5,5
202018,6095,6.5,11467,0,6,0,15,0,0,7.5,997.5,6051.5,11773,16095.5,18241,5,6.5,0,3,5,5
202018,7275,3,17,0,3,0.5,16,0,0,4,710,3918.5,10113,14262,17301,3.5,3,0,2,5,5
202018,84952,3,17,0,3,0.5,16,0,0,4,769,4465,10916,15431.5,17739,3.5,3,0,3,5,5
6942,6049,5,2551.5,0,5,0,15,0,0,6,435,5573.5,12568,16427.5,18323,1.5,5,0,2,53,53
7064,60672,3,2116,0,3,0.5,15.5,0,0,4,159,3618.5,10716,15465.5,17824,0.5,3,0,3,2,2
7064,90326,1.5,0,0,1.5,0.5,16,0,0,2.5,92.5,2469,9662,14714.5,17449.5,0.5,1.5,0,3,2,2
7064,5351,3.5,753,0,3.5,0.5,16,0,0,4.5,409.5,4164,10762,15326.5,17707,1,3.5,0,4,2,2
7064,55920,3,4807.5,0,3,0.5,15,0,0,4,425.5,4679.5,11026,15660,17969,0.5,3,0,3,2,2
7064,11315,23,113940,0,10,0.5,15.5,0,0,24,983,6258,12716.5,16317.5,18184,38.5,23,0,3,2,2
7078,9107,3,1729,0,2.5,0,16.5,0,0,4,27.5,1099.5,6956,12746.5,16467.5,0.5,3,0,3,35,36
54106,2475,32.5,176498.5,0,10,0,15.5,0,0,33.5,1048.5,5794.5,12243.5,16358,18143,49.5,32.5,0,3,10,10
54106,6714,66.5,481448,0,11,0,15.5,0,0,67.5,2122,6439,12551.5,16442.5,18158,261,66.5,0,3,10,10
54106,10038,6,12825.5,0,5,0,15.5,0,0,7,320,3758.5,10858.5,15798.5,17811.5,1,6,0,3,10,10
54106,596,27.5,186627.5,0,10,0,15.5,0,0,28.5,1087.5,6027.5,12495,16387,18049.5,39.5,27.5,0,2,10,10
54106,3815,15.5,51826,0,9,0,15.5,0,0,16.5,391,4565,10999.5,15698,17813,30,15.5,0,3,10,10
80351,2322,9,5372,0,7,0,16,0,0,10,293,4725,11337.5,15782.5,17823,2.5,9,0,2,20,20
7297,8841,55,221175.5,0,15,0,14.5,0,0,56,1612,8032,13247,16820.5,18675,186,55,0,4,3,3
7297,3065,155.5,1808515.5,0,15,0,14.5,0,0,156.5,2214,8603.5,13884,17090,18994,1042.5,155.5,0,3,3,3
7337,57534,71.5,456803,0,22,0,15.5,0,0,72.5,2133.5,9542.5,14166.5,17264,18888,388.5,71.5,0,2,6,6
59286,4066,4,12551,0,3,0,15.5,0,0,5,95.5,3099,9859.5,14230,17393.5,0,4,0,3,6,6
80700,9696,8,5734,0,5,0.5,16.5,0,0,9,776.5,4008,7285,12474.5,15446.5,9.5,8,0,3,3,3
29128,1870,23,131199,0,12.5,0,15,0,0,24,1099.5,6747,13059.5,16795.5,18542.5,62,23,0,2,10,10
400673,9696,1,0,0,1,1,17,0,0,2,13,675,5306,11612,14968.5,0,1,0,4,2,2
23339,9611,39,116996.5,0,12.5,0,15.5,0,0,40,1276,6459,12627,15831.5,18151.5,135,39,0,2,60,62
197407,80004,1,0,0,1,1,16,0,0,2,116,2659,7195.5,13106.5,16670,0,1,0,4,6,6
197407,4221,20,41498,0,10.5,0.5,16,0,0,21,981.5,4562,8704.5,13953,17194,48.5,20,0,3,28,29
197407,4504,1,0,0,1,1,16.5,0,0,2,8.5,184.5,3790,10801,15629.5,0,1,0,3,28,29
197407,6749,26.5,67331,0,10.5,0.5,15.5,0,0,27.5,1084,4527,8176.5,13807,17169,107.5,26.5,0,2,28,29
197407,23381,2.5,376.5,0,2.5,0.5,16,0,0,3.5,132,2745,7235,13194.5,16739.5,1.5,2.5,0,3,9,9
11130,23636,24,58977,0,12,0,15.5,0,0,25,617,6176,12079,16057,18082.5,41.5,24,0,2,12,12
